"control_id","control_name","family","responsibility","implementation_summary","terraform","securityhub_or_config_checks","evidence","status","notes"
"AC-1","Policy and Procedures","Access Control","organizational","Access control policy and procedures owned by the security program; this repository is the technical standard the policy references.","","","Policy document (outside repo)","n/a-lab",""
"AC-2","Account Management","Access Control","customer","No IAM users for humans. Identity Center groups map 1:1 to permission sets; joiner/mover/leaver is a group membership change logged in CloudTrail. Machine access via OIDC federation only.","modules/identity (permission sets, groups, assignments); modules/identity/main.tf (OIDC roles)","IAM.1, IAM.2, IAM.4, IAM.5, IAM.8, IAM.21","iam get-credential-report; sso-admin list-account-assignments; identitystore list-group-memberships","partial","Identity Center resources are code-only in the lab (delegated to another account). IAM bootstrap users bootstrap-lab/bootstrap-mgmt exist and are POA&M items."
"AC-2(1)","Automated System Account Management","Access Control","customer","Group-based assignment in Identity Center; Terraform is the only path that creates roles.","modules/identity/identity_center.tf","","Terraform state; CloudTrail CreateGroupMembership events","code-only",""
"AC-2(3)","Disable Accounts","Access Control","customer","Unused-access analyzer reports roles/users/keys idle beyond the window; conformance pack flags credentials unused for 35 days (FedRAMP Rev 5 assignment).","modules/detection/access_analyzer.tf; config pack parameter IamUserUnusedCredentialsCheckParamMaxCredentialUsageAge=35","IAM.8, IAM.22; Config rule IamUserUnusedCredentialsCheck","access-analyzer list-findings-v2 (unused); Config compliance by rule","implemented","Disable action itself is manual pending Day 5 runbook."
"AC-2(4)","Automated Audit Actions","Access Control","customer","CloudTrail records all IAM and Identity Center changes; CloudWatch alarm on IAM policy changes notifies the alerts topic.","modules/logging/alarms.tf (iam-policy-changes)","CloudWatch.4","Alarm history; CloudTrail event lookup","implemented",""
"AC-3","Access Enforcement","Access Control","shared","IAM policies, permission boundaries, bucket policies with explicit deny, KMS key policies, security groups and NACLs enforce approved authorizations.","all modules","S3.1, S3.2, S3.3, KMS.1, EC2.2","Bucket policies, key policies, SG/NACL rules in docs/resource-inventory.md","implemented",""
"AC-4","Information Flow Enforcement","Access Control","customer","Three-tier VPC with no NAT; NACLs allow only tier-appropriate flows; data tier reachable on 3306 from private subnets only; interface endpoints for AWS APIs.","modules/network","EC2.6, EC2.21","ec2 describe-network-acls; describe-route-tables","implemented",""
"AC-5","Separation of Duties","Access Control","customer","KMS data key policy separates administrators (manage, cannot use) from users (use, cannot manage); SecurityAdmin vs DeveloperRestricted permission sets.","modules/crypto/main.tf; modules/identity/identity_center.tf","","Key policy; permission set definitions","partial","Admin/user ARN lists are empty in the lab (single operator)."
"AC-6","Least Privilege","Access Control","customer","Purpose-built IAM roles with scoped actions (evidence collector, flow logs, config, containment Lambda); permissions boundary for developers; SCPs bound member accounts.","modules/identity; modules/respond; modules/org","IAM.1, IAM.21, Lambda.1","IAM policy documents in repo; Access Analyzer external findings","implemented","SCPs code-only in lab."
"AC-6(1)","Authorize Access to Security Functions","Access Control","customer","Security tooling administration only through the SecurityAdmin permission set (1-hour session) and the SCP exemption pattern.","modules/identity/identity_center.tf; modules/org/main.tf","","Permission set inline policy; SCP ArnNotLike condition","code-only",""
"AC-6(5)","Privileged Accounts","Access Control","customer","Root denied by SCP in member accounts; root usage alarm; management account only holds SCPs and the organization trail.","modules/org (deny-root-user); modules/logging/alarms.tf (root-account-usage)","IAM.4, IAM.6, IAM.9, CloudWatch.1, CloudWatch.3","Alarm history; SCP content","partial","Root MFA on lab and management accounts is a POA&M item."
"AC-6(9)","Log Use of Privileged Functions","Access Control","shared","CloudTrail captures every API call with identity; alarms on privileged changes.","modules/logging","CloudTrail.1","CloudTrail lookup-events","implemented",""
"AC-7","Unsuccessful Logon Attempts","Access Control","shared","Alarm on console authentication failures; Identity Center lockout settings in production.","modules/logging/alarms.tf (console-authentication-failures)","CloudWatch.6","Alarm history","implemented",""
"AC-12","Session Termination","Access Control","customer","Permission set session durations: 1h SecurityAdmin, 4h developers, 8h read-only; OIDC role sessions 1h.","modules/identity","","Permission set session_duration; role max_session_duration","code-only",""
"AC-17","Remote Access","Access Control","customer","All administration is API/console over TLS through Identity Center; no SSH/RDP paths (NACLs never admit 22 or 3389 from the internet; quarantine SG for incidents).","modules/network/main.tf","EC2.13, EC2.14, EC2.53, EC2.54","NACL rules","implemented",""
"AC-22","Publicly Accessible Content","Access Control","customer","Account-wide S3 public access block; the only public surface is CloudFront with WAF in front of a private origin.","modules/crypto (PAB); modules/edge","S3.1, S3.8, CloudFront.1","s3control get-public-access-block; cloudfront distribution config","implemented",""
"AT-2","Literacy Training and Awareness","Awareness and Training","organizational","Security awareness and phishing simulations (KnowBe4 in the target environment).","","","KnowBe4 completion and phishing reports","n/a-lab",""
"AU-1","Policy and Procedures","Audit and Accountability","organizational","Audit policy references this baseline as the logging standard.","","","Policy document","n/a-lab",""
"AU-2","Event Logging","Audit and Accountability","shared","CloudTrail management events in every account (organization trail) plus S3 data events; VPC Flow Logs; WAF and CloudFront access logs; Aurora audit log; Lambda logs; Config history.","modules/logging/cloudtrail.tf; terraform/management; modules/network/flow_logs.tf; modules/edge/logging.tf; modules/data","CloudTrail.1, EC2.6, CloudFront.5, WAF.1, RDS.9","cloudtrail describe-trails; ec2 describe-flow-logs; logs describe-log-groups","implemented",""
"AU-3","Content of Audit Records","Audit and Accountability","inherited","CloudTrail records include identity, time (UTC), source IP, event, outcome, request parameters.","modules/logging","CloudTrail.1","Sample CloudTrail event","implemented",""
"AU-6","Audit Record Review, Analysis, and Reporting","Audit and Accountability","customer","14 metric filters and alarms on CloudTrail; GuardDuty and Security Hub findings; weekly evidence export (Day 5).","modules/logging/alarms.tf; modules/detection","CloudWatch.1 to CloudWatch.14","Alarm definitions and history","implemented",""
"AU-6(1)","Automated Process Integration","Audit and Accountability","customer","EventBridge forwards High/Critical findings to the alerts topic and to the containment function.","modules/detection/alerts.tf; modules/respond","","EventBridge rule definitions; SNS delivery metrics","implemented",""
"AU-6(3)","Correlate Audit Record Repositories","Audit and Accountability","customer","Organization trail and organization Config aggregator consolidate all accounts; Security Hub consolidates findings.","terraform/management; modules/detection/config_aggregator.tf","","configservice describe-configuration-aggregators","implemented",""
"AU-8","Time Stamps","Audit and Accountability","inherited","All AWS log sources stamp UTC from AWS time sources.","","","Sample log records","implemented",""
"AU-9","Protection of Audit Information","Audit and Accountability","shared","Audit buckets: SSE-KMS, versioning, Object Lock, deny non-TLS, access logging; SCP prevents disabling logging; log file validation digests.","modules/logging/s3.tf; modules/logging/kms.tf; modules/org (protect-security-services)","CloudTrail.2, CloudTrail.4, CloudTrail.6, CloudTrail.7, S3.5, S3.9","s3api get-object-lock-configuration; cloudtrail validate-logs","implemented","SCP code-only in lab."
"AU-9(2)","Store on Separate Physical Systems or Components","Audit and Accountability","customer","Organization trail of all accounts lands in the Security Tooling account's WORM bucket, which the management account does not own.","terraform/management/main.tf; modules/logging/s3.tf","","Bucket policy; org trail configuration","implemented","Object Lock GOVERNANCE/1 day in lab; COMPLIANCE/365+ in production."
"AU-11","Audit Record Retention","Audit and Accountability","customer","S3 lifecycle: 90 days online, Glacier IR after, expire at 400 days; CloudWatch Logs 400 days; Config history 7 years.","modules/logging/s3.tf; modules/logging/config.tf; all log groups","CloudWatch (retention), Config retention","s3api get-bucket-lifecycle-configuration; logs describe-log-groups","implemented","Production: align with M-21-31 (up to 30 months)."
"AU-12","Audit Record Generation","Audit and Accountability","shared","Multi-region trails, flow logs, service logs enabled by Terraform in every environment.","modules/logging; modules/network; modules/edge; modules/data","CloudTrail.1, EC2.6","Trail and flow-log configuration","implemented",""
"CA-2","Control Assessments","Assessment, Authorization, and Monitoring","customer","Security Hub NIST 800-53 R5, NIST 800-171 R2 and FSBP standards evaluate controls continuously; checkov evaluates IaC before deployment.","modules/detection/securityhub.tf; .github/workflows/plan.yml","Security Hub standards (all)","securityhub get-enabled-standards; CI run logs","implemented",""
"CA-7","Continuous Monitoring","Assessment, Authorization, and Monitoring","customer","Security Hub, Config conformance pack, GuardDuty, Inspector, Access Analyzer; weekly evidence workflow (Day 5).","modules/detection; evidence/","Security Hub summary; Config pack compliance","securityhub get-findings; configservice get-conformance-pack-compliance-summary","implemented",""
"CM-2","Baseline Configuration","Configuration Management","customer","Terraform in git is the baseline; AWS Config records actual configuration and history of every resource.","terraform/; modules/logging/config.tf","Config.1","docs/resource-inventory.md; Config timeline","implemented",""
"CM-3","Configuration Change Control","Configuration Management","customer","Changes only through pull requests: fmt, validate, checkov in CI; SCP prevents leaving the organization; alarms on configuration changes.","terraform/; .github/workflows/plan.yml; modules/logging/alarms.tf","CloudWatch.5, CloudWatch.8, CloudWatch.9","Pull request history; alarm history","partial","Branch protection and remote state locking are production items."
"CM-5","Access Restrictions for Change","Configuration Management","customer","Developers bounded by a permissions boundary; security tooling changes only by SecurityAdmin; CI deploys with OIDC roles.","modules/identity; modules/org","","IAM policies; CloudTrail","code-only",""
"CM-6","Configuration Settings","Configuration Management","customer","Hardened settings codified: TLS-only buckets, require_secure_transport, IMDSv2 SCP, EBS default encryption, security headers; checked by checkov, Security Hub and the conformance pack.","all modules","FSBP (all); conformance pack (130 rules)","checkov report; Security Hub FSBP score","implemented",""
"CM-7","Least Functionality","Configuration Management","customer","Region allow-list SCP; no NAT; NACLs deny by default; CloudFront allows GET/HEAD/OPTIONS only; empty default security group.","modules/org; modules/network; modules/edge","EC2.2, EC2.19","SCP content; NACL rules","implemented","SCP code-only in lab."
"CM-8","System Component Inventory","Configuration Management","customer","Terraform state plus AWS Config recorder; docs/resource-inventory.md regenerated after every apply; organization aggregator for all accounts.","scripts/inventory.py; modules/logging/config.tf; modules/detection/config_aggregator.tf","Config.1","docs/resource-inventory.md","implemented",""
"CP-9","System Backup","Contingency Planning","shared","Aurora automated backups (7 days lab, 35 production), S3 versioning on all audit and origin buckets, Config snapshots.","modules/data; modules/logging/s3.tf","RDS.11, RDS.13, S3.14","rds describe-db-clusters (BackupRetentionPeriod)","partial","AWS Backup plan with vault lock and cross-region copy is a production item."
"CP-10","System Recovery and Reconstitution","Contingency Planning","shared","Point-in-time recovery for Aurora; everything else rebuilt from Terraform (demonstrated by the region move).","terraform/; modules/data","","Migration record in koraci (eu-north-1 to us-east-1)","partial",""
"IA-2","Identification and Authentication (Organizational Users)","Identification and Authentication","customer","Humans authenticate through Identity Center (federated to the corporate IdP in production); no IAM users by design.","modules/identity","IAM.5, IAM.19","Identity Center configuration; credential report","partial","Bootstrap IAM users exist in the lab (POA&M)."
"IA-2(1)","Multi-factor Authentication to Privileged Accounts","Identification and Authentication","customer","Identity Center MFA enforcement; alarm on console sign-in without MFA.","modules/logging/alarms.tf (console-signin-without-mfa)","IAM.5, IAM.19, CloudWatch.2","Identity Center MFA settings; alarm history","partial","MFA not yet enabled on lab bootstrap users and root (POA&M)."
"IA-2(2)","Multi-factor Authentication to Non-privileged Accounts","Identification and Authentication","customer","Same Identity Center MFA policy applies to every permission set.","","IAM.19","Identity Center MFA settings","code-only",""
"IA-5","Authenticator Management","Identification and Authentication","customer","Password policy (14/60/24); no access keys for CI (OIDC); Aurora master password owned and rotated by RDS in Secrets Manager; KMS keys rotate yearly.","modules/identity/main.tf; modules/data; modules/logging/kms.tf","IAM.7, IAM.11 to IAM.17, SecretsManager.1, SecretsManager.4, KMS.4","iam get-account-password-policy; rds MasterUserSecret; kms get-key-rotation-status","implemented",""
"IA-5(1)","Password-based Authentication","Identification and Authentication","customer","Minimum 14 characters, all character classes, 24 generations, 60-day maximum age.","modules/identity/main.tf","IAM.7, IAM.15, IAM.16, IAM.17","iam get-account-password-policy","implemented","60-day rotation is the Rev 4 FedRAMP value; Rev 5 / 800-63B allows rotation only on compromise."
"IA-5(7)","No Embedded Unencrypted Static Authenticators","Identification and Authentication","customer","GitHub Actions uses OIDC tokens; Lambda uses its role; database password lives only in Secrets Manager; nothing in code or state.","modules/identity/main.tf; modules/respond; modules/data","","Trust policies; git history","implemented",""
"IR-1","Policy and Procedures","Incident Response","organizational","IR plan references runbooks/ for technical procedures.","runbooks/","","IR plan (outside repo)","planned","Runbooks are Day 5."
"IR-4","Incident Handling","Incident Response","customer","GuardDuty detects; EventBridge routes; Lambda contains (key deactivation, instance quarantine); runbooks guide eradication and recovery.","modules/detection; modules/respond; runbooks/","GuardDuty.1","Lambda log of sample-finding test; runbooks","implemented","Runbooks IR-001/IR-002 are Day 5."
"IR-4(1)","Automated Incident Handling Processes","Incident Response","customer","Containment Lambda with DLQ and retry; dry-run mode for tabletop exercises.","modules/respond","","EventBridge invocation metrics; Lambda logs","implemented",""
"IR-4(4)","Information Correlation","Incident Response","customer","Security Hub consolidates GuardDuty, Inspector, Access Analyzer and Config findings per resource.","modules/detection","","Security Hub findings by resource","implemented",""
"IR-5","Incident Monitoring","Incident Response","customer","Findings tagged ContainmentStatus/ContainmentFinding/ContainmentTime on affected resources; Security Hub workflow status.","modules/respond/src/handler.py","","Resource tags; Security Hub workflow status","implemented",""
"IR-6","Incident Reporting","Incident Response","customer","Alerts topic (email in lab, on-call tool in production) receives alarms, findings and containment reports within minutes.","modules/logging/alarms.tf; modules/detection/alerts.tf; modules/respond","","SNS delivery metrics; sample messages","implemented","US-CERT / FedRAMP PMO reporting timelines are procedural (IR plan)."
"MP-1 to MP-7","Media Protection","Media Protection","inherited","Physical media handled by AWS under its FedRAMP authorization; customer data is encrypted at rest so media is never exposed in clear.","","","AWS FedRAMP package (Artifact)","implemented",""
"PE-1 to PE-20","Physical and Environmental Protection","Physical and Environmental Protection","inherited","AWS data centre controls.","","","AWS FedRAMP package (Artifact)","implemented",""
"PL-2","System Security and Privacy Plans","Planning","customer","This repository plus docs/authorization-boundary.md and the narratives form the technical half of the SSP.","controls/; docs/","","This repository","partial","Full SSP document assembled outside the repo."
"PS-1 to PS-9","Personnel Security","Personnel Security","organizational","Screening, agreements, termination procedures; technical hook is the Identity Center leaver process.","","","HR records","n/a-lab",""
"RA-3","Risk Assessment","Risk Assessment","organizational","Risk register maintained with the security program; Security Hub and Inspector findings are inputs.","","","Risk register","n/a-lab",""
"RA-5","Vulnerability Monitoring and Scanning","Risk Assessment","customer","Inspector continuously scans EC2, ECR and Lambda; Security Hub tracks configuration weaknesses; checkov scans IaC; SLA 30/90/180 days by severity.","modules/detection/inspector.tf; .github/workflows/plan.yml","Inspector.1 to Inspector.4","inspector2 list-findings; POA&M","implemented","POA&M generator and VM runbook are Day 5."
"RA-5(2)","Update Vulnerabilities to Be Scanned","Risk Assessment","inherited","Inspector's vulnerability database and AWS managed WAF rules are updated by AWS.","","","Inspector documentation","implemented",""
"RA-5(5)","Privileged Access","Risk Assessment","shared","Inspector uses SSM and EBS snapshots (agentless) rather than scanning credentials.","modules/detection/inspector.tf","","Inspector coverage","implemented",""
"SA-11","Developer Testing and Evaluation","System and Services Acquisition","customer","checkov on every push and pull request; terraform validate; Semgrep/PHPStan for application code in the target environment.","..github/workflows/plan.yml","","CI run logs","implemented",""
"SC-5","Denial-of-service Protection","System and Communications Protection","shared","CloudFront absorbs volumetric attacks (AWS Shield Standard); WAF rate-based rule blocks abusive clients.","modules/edge/waf.tf","CloudFront.1, WAF.10","WAF rule config; blocked request metrics","implemented","Shield Advanced is a production decision."
"SC-7","Boundary Protection","System and Communications Protection","customer","Three-tier VPC, no NAT, NACLs, security groups, VPC endpoints, region allow-list SCP, CloudFront + WAF as the only public entry, S3 public access block.","modules/network; modules/edge; modules/org; modules/crypto","EC2.2, EC2.19, EC2.21, S3.1","docs/authorization-boundary.md; network inventory","implemented",""
"SC-7(4)","External Telecommunications Services","System and Communications Protection","customer","Single managed interface (CloudFront) with WAF; HTTPS only; documented in the boundary diagram.","modules/edge","CloudFront.3, CloudFront.7","Distribution config","implemented",""
"SC-7(5)","Deny by Default - Allow by Exception","System and Communications Protection","customer","NACLs and security groups allow only enumerated flows; default security group has no rules; private route tables have no default route.","modules/network","EC2.2","NACL and route table inventory","implemented",""
"SC-7(8)","Route Traffic to Authenticated Proxy Servers","System and Communications Protection","customer","AWS API traffic from private subnets goes through VPC endpoints, never the internet.","modules/network/endpoints.tf","","ec2 describe-vpc-endpoints","implemented",""
"SC-7(21)","Isolation of System Components","System and Communications Protection","customer","Tiered subnets with NACLs; quarantine security group isolates a compromised instance completely.","modules/network/main.tf","","NACL rules; quarantine SG","implemented",""
"SC-8","Transmission Confidentiality and Integrity","System and Communications Protection","shared","TLS everywhere: buckets and SNS deny non-TLS, CloudFront redirects to HTTPS with HSTS, Aurora require_secure_transport=ON, AWS APIs over TLS.","modules/logging/s3.tf; modules/edge; modules/data","S3.5, CloudFront.3, RDS.? (TLS param), ELB n/a","Bucket policies; curl headers; DB parameter","implemented",""
"SC-8(1)","Cryptographic Protection","System and Communications Protection","shared","TLS 1.2+ for AWS endpoints; CloudFront TLSv1.2_2021 with a custom certificate.","modules/edge/main.tf","CloudFront.10","Distribution viewer certificate config","partial","Default CloudFront certificate pins the minimum to TLSv1 in the lab; custom domain planned."
"SC-12","Cryptographic Key Establishment and Management","System and Communications Protection","shared","Customer managed KMS keys per purpose, yearly rotation, key policies with service conditions, 7/30-day deletion window, alarm on disable/delete; KMS keys never leave the HSM.","modules/logging/kms.tf; modules/crypto/main.tf","KMS.1, KMS.2, KMS.3, KMS.4, CloudWatch.7","kms get-key-rotation-status; key policies","implemented",""
"SC-13","Cryptographic Protection","System and Communications Protection","shared","FIPS 140-3 validated KMS; FIPS API endpoints used by Terraform (use_fips_endpoint) and the containment Lambda (AWS_USE_FIPS_ENDPOINT); FIPS variants of VPC endpoints.","providers.tf; modules/respond; modules/network/endpoints.tf","","docs/fips-140.md; provider config; endpoint service names","implemented","See docs/fips-140.md for the OS and TLS termination parts."
"SC-28","Protection of Information at Rest","System and Communications Protection","shared","SSE-KMS on audit and config buckets, EBS encryption by default with CMK, Aurora storage and Performance Insights with CMK, Secrets Manager with CMK, every log group with CMK, SNS and SQS with CMK.","modules/logging; modules/crypto; modules/data; modules/respond","S3.17, EC2.7, RDS.3, RDS.27, SNS.1, SQS.1, CloudWatch (KMS)","Encryption attributes in docs/resource-inventory.md","implemented",""
"SC-28(1)","Cryptographic Protection","System and Communications Protection","shared","Customer managed keys rather than AWS managed keys wherever a CMK is supported.","modules/crypto; modules/logging/kms.tf","KMS.4","Key ARNs in inventory","implemented","Origin bucket for public static content uses SSE-S3 by design."
"SI-2","Flaw Remediation","System and Information Integrity","customer","Inspector findings with CVSS/EPSS/KEV; Aurora auto minor version upgrade; Lambda runtime pinned and updated through code; SLA 30/90/180.","modules/detection/inspector.tf; modules/data","Inspector.1 to Inspector.4, RDS.? (auto upgrade), Lambda.2","inspector2 list-findings; POA&M","partial","VM runbook and POA&M automation are Day 5."
"SI-3","Malicious Code Protection","System and Information Integrity","shared","GuardDuty Malware Protection for EBS and runtime monitoring; WAF managed rules; SentinelOne on endpoints in the target environment.","modules/detection/guardduty.tf","GuardDuty.1","guardduty get-detector (features)","implemented",""
"SI-4","System Monitoring","System and Information Integrity","customer","GuardDuty on CloudTrail, DNS, flow logs, S3, EKS, RDS, Lambda, runtime; CloudWatch alarms; Security Hub; VPC Flow Logs.","modules/detection; modules/logging; modules/network","GuardDuty.1, CloudWatch.*, EC2.6","Detector features; alarms; flow logs","implemented",""
"SI-4(2)","Automated Tools and Mechanisms for Real-time Analysis","System and Information Integrity","customer","GuardDuty 15-minute publishing; EventBridge rules fire within seconds of a finding.","modules/detection","","Finding to alert latency (sample-finding test)","implemented",""
"SI-4(4)","Inbound and Outbound Communications Traffic","System and Information Integrity","customer","GuardDuty analyses flow and DNS logs; VPC Flow Logs retained; WAF logs.","modules/network/flow_logs.tf; modules/detection","EC2.6","Flow log group; WAF log group","implemented",""
"SI-4(5)","System-generated Alerts","System and Information Integrity","customer","Alarms, High/Critical finding rules and containment reports reach the alerts topic.","modules/logging/alarms.tf; modules/detection/alerts.tf; modules/respond","","SNS messages","implemented",""
"SI-7","Software, Firmware, and Information Integrity","System and Information Integrity","shared","CloudTrail log file validation (signed digests); S3 versioning; container image signing with cosign in Project 2.","modules/logging/cloudtrail.tf","CloudTrail.4","cloudtrail validate-logs","implemented",""
"SI-10","Information Input Validation","System and Information Integrity","shared","WAF managed rule groups (Common, KnownBadInputs, SQLi) in front of the application.","modules/edge/waf.tf","WAF.10, CloudFront.6","WAF rule configuration; blocked request samples","implemented","Application-level validation belongs to the application code."
"SR-1 to SR-12","Supply Chain Risk Management","Supply Chain Risk Management","organizational","Vendor risk reviews (SOC 2 reports) for Datadog, GitHub, SentinelOne, KnowBe4; AWS inherited; dependency scanning in CI.","","","Vendor risk register","n/a-lab",""
